sentence,polarity,subjectivity
"Tasty, clean and pleasant",0.55,0.8333333333333334
Unique and fun interior adds nicely to the ambiance,0.425,0.7333333333333334
Convenient location close to the highway.,0.0,0.0
I like the concept and flavors,0.0,0.0
Only reason that I mark 3 stars,0.0,1.0
of 4 is there is something with their cooking oil,0.0,0.0
"Everytime I have eaten here, I have to visit the bathroom not more than 30 minutes later",-0.125,0.25
"Without going into detail, ‚Ä¶",0.0,0.0
"Mixed up orders, slow pace",-0.15000000000000002,0.32499999999999996
Ive waited 45 minutes for food when it wasnt busy,0.1,0.3
"As fast food goes, it is really delicious eating!",0.6,0.8
"Good food, cold temperature inside",0.04999999999999999,0.8
Decently good food and fast service,0.44999999999999996,0.6000000000000001
"Incredible amounts of food, to the point of being excessive.",0.325,0.95
"good asian food! even as a person who doesnt always like vegan/vegeteran food, the ones here were really good for once",0.4666666666666666,0.4000000000000001
we were a bit skeptical at first,-0.125,0.41666666666666663
"food looked sloppy and cheap,",-0.008333333333333331,0.725
it tasted alright and it was a decent drive through fast food.,0.18333333333333335,0.6333333333333333
It is ok nothing more,0.5,0.5
"The Sambal Oelek was disgusting, the spring rolls are more meh than any Asian buffet you'd find",-0.16666666666666666,0.5
The rice and noodles and main dishes are okey for the price,0.16666666666666666,0.3333333333333333
definately not more than that,-0.25,0.5
Plus for the fortune cookies.,0.0,0.0
Average taste,-0.15,0.39999999999999997
"cost-effective, convenient location",0.0,0.0
"Efficient and polite staff, clean washrooms.",0.3666666666666667,0.7000000000000001
Better than the burgers next door...,0.25,0.25
"Nice variant of asian fastfood, semi buffet like type of resturant",0.3,0.5
"Especially if you need to stop and good food, and also not going the whole way to tuna park",0.3,0.6666666666666666
"Food was good, the place clean",0.5333333333333333,0.6500000000000001
i can recommend it.,0.0,0.0
Second time to come here,0.0,0.0
"We were turned away first time 30mins before closing as staff did not want to make any more food.
Second time, the would not accept cash or debit card.
Poor.",0.0875,0.3583333333333333
Very delisious foodüòã,0.2,0.3
Simply the best fulfilling meal everytime,0.5,0.32857142857142857
"Very chopi chop, I got stick and kicken",0.2,0.3
"If you like kicken, stick and brown spaggeti go to chopi chopi chopi chop 1/10",0.0,0.0
Good for Fastfood,0.7,0.6000000000000001
"Service is ok, quick and looks tasty",0.41666666666666663,0.5
"taste, well not so much",0.2,0.2
Very good Chinese place and quite local to the area,0.3033333333333333,0.26000000000000006
Quite a few good options for being fast food.,0.2333333333333333,0.43333333333333335
"Good asian food, try there orange chicken with nuddles",0.033333333333333326,0.5166666666666667
Best fast food in Eskilstuna! So tasty every time!,0.65625,0.44999999999999996
Affordable and fresh Asian cuisine,0.15,0.25
4 stars since the rice was a bit dry.,-0.06666666666666665,0.6
Gooood Asian food with lots of variations in taste and spicy ness!,0.0,0.0
"The food so good , the place clean , the waithers give a good services that's it .",0.5888888888888889,0.6333333333333334
Very good food,0.9099999999999999,0.7800000000000001
no AC for the summer.,0.0,0.0
Large and tasty portions of food,0.21428571428571427,0.42857142857142855
Lots of value for the money.,0.0,0.0
Orange chicken üòç,-0.6,0.95
Ok fast food,0.35,0.55
"Delicious, fast service, yummy",0.6,0.8
"Delicious, very satisfying food for the reasonable price.",0.6166666666666666,0.8666666666666667
Close to flawless food and usually short wait time,0.5,0.65
Amazing Asian fast food,0.26666666666666666,0.5
Good food and nice staff.,0.6499999999999999,0.8
Thai fast food...really good,0.44999999999999996,0.6000000000000001
Great concept good food.,0.75,0.675
Tasty And opens will into 11:30,0.0,0.0
Asian fast food,0.1,0.3
Fast and really tasty,0.2,0.4
Really good asian fastfood.,0.35,0.30000000000000004
had a delicious meal ü§ó,1.0,1.0
Poor customer service,-0.4,0.6
Approved by Lezog,0.0,0.0
God Take Away,0.0,0.0
"Took a strong steak variant and a strong chicken variant, the steak was super tasty and the vegetables were just as crispy as you want them to be",0.14999999999999997,0.7708333333333333
"Good that you can order via screens, relatively short waiting time depending on people.
Good food for both vegans and vegetarians",0.4666666666666666,0.5000000000000001
"It is an ok place for a quick lunch, nothing special or adventurous with withdrawn taste",0.4226190476190476,0.6178571428571429
"After they removed the vegan bowl and replaced king pao tofu (think it's called that, it was at least tofu with peanuts) it has become much more boring to eat there as a vegan",-0.26666666666666666,0.6333333333333333
Will unfortunately not eat there again ‚Ä¶,0.25,1.0
"Always for good food, love my baked Sundays at chopchop it's hard to beat with a combo chow mein orange chicken with spicy lime chicken! Of course, spicy karage should be on the bill! Thank you so much for the times I ‚Ä¶",-0.07152777777777779,0.6402777777777778
Best food place !!! Always eat here when I'm on my way somewhere or do not know what to eat,1.0,0.3
Super good all the time,0.5166666666666666,0.6333333333333333
Cozy and nice place to eat,0.2,0.875
"When it comes to food, it is really nothing more than ordinary home food",0.15,0.39999999999999997
"Fried rice tastes just like regular rice, kung pow tofu has a tasteless layer of rice flour that is saturated with oil with an odd ‚Ä¶",-0.25555555555555554,0.408974358974359
Very good layout with the prevailing pandemic,0.9099999999999999,0.7800000000000001
The food was quick to get,0.3333333333333333,0.5
"Had recommended a friend.
5/5 Spicy chicken karaage ‚Ä¶",-0.6,0.95
"Great food here, everyone suggests going here and eating, there is a lot to choose from and everything is really good and good service too! ‚Ä¶",0.7916666666666666,0.65
"Very good food, friendly staff and very hygienic",0.49499999999999994,0.5266666666666667
Would definitely recommend to others to come here and eat! ‚Ä¶,0.0,0.5
Very good food and it is quick to get the food,0.6216666666666666,0.6400000000000001
Good with screens where you can order yourself,0.7,0.6000000000000001
Very vegetarian to choose from,0.2,0.3
Very good food considering how fast it also goes üëç,0.5549999999999999,0.6900000000000001
personally more strong alternatives are desired,0.4666666666666667,0.6166666666666667
"Always just as good food at ChopChop, the spring rolls are too die for! ‚Ä¶",0.875,0.6000000000000001
Absolutely fantastic Pad thai here at chop chop in Eskilstuna,0.4,0.9
Love that you can order via screens and that you can get your food quickly,0.41666666666666663,0.55
5 stars out of 5 possible,0.0,1.0
"Good food, relatively fast",0.44999999999999996,0.6000000000000001
Drive often through the drive-thru when I'm in the area! A little slow in the door and bad edge below which means that you can not drive so close when paying,-0.3958333333333333,0.5222222222222221
"Great place to be, the Asian furniture has constructive fast food restaurant! Tasty and good food as usual :) recommend orange chicken mmm üòã ‚Ä¶",0.19999999999999998,0.5928571428571429
This is my favorite restaurant because it is easy and smooth to chew on if you are going somewhere because it is usually located by the roads,0.27083333333333337,0.6458333333333334
What I also like about chopchop is that it is quick to prepare the food ‚Ä¶,0.3333333333333333,0.5
They were very good,0.9099999999999999,0.7800000000000001
Very good food today we ate kimshu give me 1000 ‚Ä¶,0.9099999999999999,0.7800000000000001
Ordered via the QR code in the parking lot,0.0,0.0
Be simple and go fast,0.1,0.47857142857142854
Good and tender food :) ‚Ä¶,0.6,0.8
"Good food and nice place to be, also good and friendly staff",0.59375,0.675
The best food! Tastes really divine,0.6,0.25
"Eat here far too often,",0.1,1.0
it's so hard not to ‚Ä¶,-0.2916666666666667,0.5416666666666666
Super fast and good service,0.41111111111111115,0.6222222222222222
Wipe the table at once when we told,0.0,0.0
Top rating! Good food all full and happy,0.6187499999999999,0.6625000000000001
"Friendly staff, helpful with questions about allergies",0.375,0.5
Lots of guests during our visit and hence a little longer waiting time,-0.1875,0.5
"order and order in the restaurant, appreciated! ‚Ä¶",0.25,0.1
Really good food! Nice place with good service and nice environment,0.69375,0.8
Extra good with the orange chicken dish !!! ü§© ‚Ä¶,-0.10000000000000002,0.5499999999999999
"Gets the food in less than 3min, GOOD, FRESH",0.27777777777777773,0.3888888888888889
The best chain in town! Nothing beats chop chops orange chickenüòç ‚Ä¶,1.0,0.3
"Fast, good and well-cooked food at a fantastic price for the amount of food you get",0.4333333333333333,0.7000000000000001
The quality and flavors were above my expectation,0.0,0.1
There will be more visits,0.5,0.5
Can highly recommend this restaurant,0.16,0.5399999999999999
Often a lot of people,0.0,0.0
good service and friendly staff,0.5375,0.55
A little taste poor food for and va Asian,-0.19583333333333333,0.3666666666666667
Especially the noodles,0.0,1.0
"The best food! Ass√• wants to marry the guy who made it, I'm a guy haha ‚Äã‚Äã",0.4666666666666666,0.2333333333333333
very good food ‚Ä¶,0.9099999999999999,0.7800000000000001
"Always just as good, nice and comfortable environment.",0.5666666666666665,0.8000000000000002
"Top food and service, always full and satisfied when you leave here! ‚Ä¶",0.4916666666666667,0.6833333333333332
"Super good restaurant, good food, friendly staff, fresh and clean environment, I am always super happy when I eat with you! Highly recommend Chop chop in Eskilstuna! ‚Ä¶",0.47870370370370374,0.6414814814814815
Awesome food and service,1.0,1.0
You really get money for the food and the food you get quickly,0.26666666666666666,0.35
"The best Asian food I have eaten in a long time, just right with everything I love üëå ‚Ä¶",0.34714285714285714,0.36714285714285716
I think all the times I have visited chop chop in eskilstuna have been absolutely wonderful,1.0,1.0
Chop chop is an absolutely wonderful restaurant with the best food !!!! ‚Ä¶,1.0,0.65
Always just as good food! Best Asian food on the market!,0.625,0.30000000000000004
"Snabbmat, helt okej smak",0.0,0.0
Ganska dyrt dock.,0.0,0.0
Fast and good express food on the road then you should choose ChopChop in all situations,0.44999999999999996,0.6000000000000001
The freshest ChopChop I've been to! Fast service and good Asian food,0.3,0.4000000000000001
Highly recommended ‚Ä¶,0.16,0.5399999999999999
Nice staff and very good food! Will be happy to return.,0.8000000000000002,0.9266666666666667
"Very nice treatment by staff, got the food very quickly",0.6066666666666667,0.825
Good food takes some time to get,0.7,0.6000000000000001
always well received ‚Ä¶,0.0,0.0
Not a bad eatery in the parking lot at the gas station,0.3499999999999999,0.6666666666666666
"The food is quite similar to the Asian one, of course with a Swedish adaptation",0.0,0.2
The menu is large enough and quite edible,0.10714285714285714,0.4642857142857143
Without any expectation of fine ‚Ä¶,0.4166666666666667,0.5
I,0.0,0.0
t the food was really good! There was a good atmosphere in the restaurant! ‚Ä¶,0.875,0.6000000000000001
"The place is not exciting, the food is good",0.27499999999999997,0.7000000000000001
Very nice when I came in with my assistance dog,0.78,1.0
So good service and really good food!,0.7875,0.6000000000000001
"Always good service, good food and fresh ingredients.",0.5666666666666667,0.5666666666666668
Good and fast finished,0.44999999999999996,0.6000000000000001
So nice to avoid a little hamburger ü§£ Easy to get into the car park with your camper ‚Ä¶,0.28194444444444444,0.7777777777777778
"Good for being fast food, a little expensive just üçö",0.05312499999999998,0.6000000000000001
"Large portions, recommend a combo with noodles, peanut chicken and spicy lime chicken! You are guaranteed to be full! ‚Ä¶",-0.17455357142857142,0.719642857142857
"Good food,",0.7,0.6000000000000001
a little cold in my opinion.,-0.39375,0.75
"Very good food and nice decor, fresh and wonderful",0.7024999999999999,0.8200000000000001
"However, my father",0.0,0.0
t it was too cold in the room,-0.6,1.0
Fix the heat idiots,-0.8,0.8
Very nice staff and above all incredibly good food!,0.5516666666666666,0.5666666666666668
Good alternative to burgers,0.7,0.6000000000000001
"Totally ok,",0.5,0.5
not expensive,0.25,0.7
"So good food, nice sweet Linn",0.5499999999999999,0.75
Keeps even and good level for what it is!,0.875,0.6000000000000001
"Easy to park.
Friendly staff
Hot food ‚Ä¶",0.3527777777777778,0.7277777777777779
Fantastic service and the food is really very good üòç,0.655,0.8400000000000001
Good food,0.7,0.6000000000000001
far too loud music,0.1,0.9
Do you want customers to stay as short as possible? The matron disappears with the high volume,0.05333333333333334,0.6133333333333333
Great food and pretty fast,0.4166666666666667,0.7833333333333333
lunch.,0.0,0.0
Service again ...,0.0,0.0
Packed wrong food several times,-0.25,0.45
Filthy inside with lots of leftovers and flies,-0.8,1.0
I have never been dissatisfied with ChopChop's food!,0.0,0.0
"Clean, fresh and good ..! So you can summarize the ChopChop restaurant",0.513888888888889,0.6000000000000001
Nice staff and real Asian kitchen staff,0.3,0.5
Good food as always in a nice environment,0.6499999999999999,0.8
The food was a little dry,-0.12708333333333333,0.55
the aura in the dinner hall was amazing ‚Ä¶,0.6000000000000001,0.9
Spicy lime chicken and dynamite chicken are so awesome!,-0.06666666666666665,0.9666666666666667
It is good that you can combine as you wish.,0.7,0.6000000000000001
Feels fairly new,0.13636363636363635,0.45454545454545453
A BIG PLUS is all gone on the outside,0.0,0.07500000000000001
"The top! The food tastes like chopchop does,",0.625,0.5
"like it, you like the food",0.0,0.0
"Good and filling, calm music in the restaurant",0.5,0.675
"The design of the restaurant makes it feel like you are sitting quite separated from each other, which in turn contri",-0.125,0.375
"es to a calm and soothing experience, you largely ‚Ä¶",0.2571428571428572,0.5892857142857143
Not the same quality as the others we have visited,0.0,0.125
Felt and tasted like mixing the sauces with water ‚Ä¶,0.0,0.0
Totally ok tofu in gong bao sauce!,0.625,0.5
A slightly larger bowl / plate for the kids' meals facilitates eating and makes the experience better! üëç ‚Ä¶,0.3125,0.5
Incredibly good food especially noodles chicken!,-0.01666666666666668,0.85
Good food! But very crowded inside the tables.,0.5375,0.45000000000000007
Ate in Uppsala which was downright lousy,-0.5,0.5
"with Eskilstuna, the same food, the portions in Uppsala were badly hot and also smaller and tasteless",-0.0875,0.59375
Very good food and in good condition,0.8049999999999999,0.6900000000000002
Used to be more affordable,0.5,0.5
"No increase in quality, only price",0.0,1.0
"Fewer visits for me nowadays,",0.0,0.0
nice with other types of fast food,0.225,0.6583333333333333
"Spice Lime Chicken and Bangkok Beef, so good!",0.1375,0.775
Took way too long even,-0.05,0.4
there was no queue ...,0.0,0.0
Took way too long,-0.05,0.4
there was no queue ...,0.0,0.0
"significantly less with food in the box, cf",-0.16666666666666666,0.06666666666666667
"earlier and it was also the wrong right, which was discovered on returning home 25 minutes later ...",-0.053571428571428575,0.4839285714285714
Best vegan choices in town good and good service.,0.7999999999999999,0.5000000000000001
Not ok √∂ht .....,-0.25,0.5
S,0.0,0.0
"ky staff, poor service, mediocre food and wait to get something to drink until the food is served ....
But they would have paid fast .......",-0.2333333333333333,0.7333333333333334
Good Matten ‚ù§Ô∏è,0.7,0.6000000000000001
Always long wait,-0.05,0.4
good food.,0.7,0.6000000000000001
Good alternative to burger or pizza when you want fast food ‚Ä¶,0.44999999999999996,0.6000000000000001
We ate in the restaurant,0.0,0.0
"Fantastic good food, best restaurant style",0.7000000000000001,0.6
"Good food, fast service, clean in the restaurant",0.4222222222222222,0.6333333333333334
"Nice alternative to burgers, varies a bit how fast you get the food",0.4,0.8
never unacceptable waiting times,0.0,0.0
Good and filling every day of the weeküëå,0.7,0.6000000000000001
Good food and fast service,0.44999999999999996,0.6000000000000001
A bit messy with the self-service orders,-0.2,0.4
otherwise great,0.8,0.75
A bit messy with the self-service orders but,-0.2,0.4
great,0.8,0.75
Among the most disgusting I have eaten unfortunately ...,-0.3333333333333333,0.8333333333333334
"Easy to order from the car, skip the qr code, choose dishes and after about 5 minutes the food is delivered in a bag directly to the car window",0.26666666666666666,0.6166666666666667
The review applies to the restaurant in Eskilstuna,0.0,0.0
You do not get what you order and they are stingy,0.0,0.0
Restaurants in other places are better ‚Ä¶,0.1875,0.4375
"Good food, fast and nice service",0.5,0.7333333333333334
Good food and really nice staff!,0.725,0.8
"You get full, and the food is good.
However, I think the portions have become smaller",0.3499999999999999,0.55
Very good and affordable food! As well as excellent service,1.0,0.8900000000000001
Recommended if you want something fast and good,0.44999999999999996,0.6000000000000001
This Chopchop has really gone down well,0.022222222222222213,0.24444444444444446
Almost everything tastes the same,0.0,0.125
The portions have decreased significantly,-0.012500000000000011,0.7875
It was my last visit there,0.0,0.06666666666666667
Nice thanks for the food Linnaeus,0.4,0.6
Great food! My new favorite restaurant,0.5454545454545454,0.7348484848484849
Chicken lime is recommended! ‚Ä¶,-0.75,0.95
Fast service and good food,0.44999999999999996,0.6000000000000001
The favorite is Spicy Lime Chicken,-0.04999999999999999,0.975
But feel free to try Dynamite Chicken (exciting taste experience),0.03333333333333335,0.85
"If I'm in a hurry, I choose their drive trough",0.0,0.0
"Otherwise, there are plenty of places ‚Ä¶",0.0,0.0
Good place to eat where you get the food easily and quickly,0.4888888888888889,0.6444444444444445
"we were very hungry so we thought that drive in had a bit too long a queue,",0.07500000000000001,0.35
the food was super good and fresh,0.4444444444444444,0.5888888888888889
we were very hungry so we,0.2,0.3
"t that drive in had a bit too long a queue, but the food was super good and fresh",0.3208333333333333,0.5416666666666667
"King Pao tofu, completely tasteless",-0.6,0.9
Much better in Str√§ngn√§s! Sad experience,0.0625,0.75
"Very varied freshness of the place if you eat there.
Taste the food? Yes the taste is different.ocg some dishes to choose from",0.2,0.3
,0.0,0.0
"perfectly ok, no superfood",0.5,0.5
..,0.0,0.0
"Usel service had to wait over 30 minutes for my food, there were 17 other people who came ordering, got their food and left",-0.0625,0.1875
"Also heard that more people order the same thing as me, asked why it was delayed, no ‚Ä¶",0.25,0.3125
Sickly large portions,0.21428571428571427,0.42857142857142855
Enough for two people,0.0,0.5
Children's portions large enough,0.10714285714285714,0.4642857142857143
Fortune cookie for every meal,0.0,0.0
You can order at screens when you enter,0.0,0.0
"Every time I have been over, it has taken an incredibly long time from my arrival in the restaurant until I have food on the table",-0.05,0.4
Today it took just over 30 min! ‚Ä¶,0.0,0.0
"The food is guaranteed to be good,",0.7,0.6000000000000001
putting back incorrectly prepared food so that the different dishes are mixed is perhaps not entirely okay considering allergies and the choice of different diets,-0.05,0.39
"Very good and good,",0.8049999999999999,0.6900000000000002
", you would need a gap when you have pre-ordered so you do not have to stand in line! ‚Ä¶",0.0,0.0
Fast and friendly staff,0.2875,0.55
Even negative are the deep holes you drive down into when you pick up at the foreigner,-0.15185185185185188,0.362962962962963
The food was ok for fast food,0.35,0.55
not high enough quality of taste to cost as much as a regular Asian restaurant,-0.02,0.2792307692307692
So a little too expensive fast food simply,-0.121875,0.5392857142857143
Did not get with napkin and sticks on drive through,0.0,0.0
When I went back and asked about it I got the answer that it is on the note (a small note at the pick-up hatch) that you have to say if you want,-0.125,0.2
As a first-time ‚Ä¶,0.0,0.0
"Great food, you get it fast, coffee on the food is included, there's drive thru, it's perfect simply! The portions are very large, for my part I always buy the kids menu and it is good enough for me",0.42551020408163265,0.623469387755102
Quite cheap ‚Ä¶,0.4,0.7
Always a safe card!,0.625,0.5
Visit 2/2 was served chicken which rotated to one hundred percent,-0.6,0.95
The scent that spread around our table was admirable,0.0,0.0
Thankfully the food was exchanged and we got sick of it 2/5 stars,-0.7142857142857143,0.8571428571428571
The only thing I miss is a jack in the soy bag so it will be easier to open,0.0,0.75
"Otherwise, ChopChop is my new favorite",0.3181818181818182,0.7272727272727273
"Really good food, nice staff and cozy restaurant.",0.36666666666666664,0.7833333333333333
The orange chicken was not as fresh as it used to be for a while or a new chef,-0.05454545454545454,0.6348484848484849
they were tough,-0.3888888888888889,0.8333333333333334
The orange chicken was not as fresh as it used to be for a,-0.15,0.725
or a new chef but they were tough,-0.12626262626262627,0.6439393939393939
Then the portions have become smaller,0.0,0.5
"Otherwise, it was good",0.7,0.6000000000000001
Positively surprised at how good the food was,0.39999999999999997,0.75
Lots of food for little money,-0.1875,0.5
"Short waiting time, all right, large portions üòÄ
Nothing to complain about.
Will return ‚Ä¶",0.16666666666666666,0.42142857142857143
Has no gluten-free options,0.0,0.0
"Was served food without any sauce at all.
Yakinikun was ground beef",0.0,0.0
of shredded meat,0.0,0.0
Fantastic good service and food,0.55,0.75
"Good food, fast service
BEA ‚Ä¶",0.44999999999999996,0.6000000000000001
Always good at Chopchop,0.7,0.6000000000000001
"this time I got less food for some reason and they also did not ask if we wanted soy, chopaticks, sambal etc",-0.16666666666666666,0.06666666666666667
we had to ask for it after we saw that it was not in the bag,0.0,0.0
"Crowded between the tables, the food was okay.",0.5,0.5
Nice and fast staff and good vegan diet,0.5,0.7333333333333334
Surprised at how good the food has become..a clear improvement than a few years ago ‚Ä¶,0.175,0.49583333333333335
Spicy lime chicken is really recommended!,-0.175,0.575
I think the dishes are terribly good,0.7,0.6000000000000001
"as in my case, order to take me home and be forced to stand and wait at least 15 minutes for my noodles to be packed until the dish is ready and packed",-0.13333333333333336,0.3666666666666667
This means that ‚Ä¶,0.0,0.0
Too much sugar in the food for my taste,0.2,0.2
"Had been better if you could customize individually, much like salty ones",0.35,0.35
"Fast and good service, the environment is anything",0.44999999999999996,0.6000000000000001
cozy,-0.19999999999999998,0.75
I'll go somewhere else next time,0.0,0.0
"Found several hairs in the food, different sizes, just like the beard, the staff showed and she said they come from plates",0.0,0.3
expensive prices compared to quality,-0.5,0.7
Never coming back,0.0,0.0
Worst service ‚Ä¶,-1.0,1.0
Well received and good,0.7,0.6000000000000001
Really good fresh and good food,0.5666666666666667,0.5666666666666668
"Two stars for the food, quite tasteless.
Dirty tables",-0.6,0.8500000000000001
Lazy staff who were nonchalant,-0.25,1.0
"For me who likes a lot of taste had hoped for more, But very tasty and seems to have fresh ingredients, Recommend",0.3333333333333333,0.43333333333333335
Eats well and not so expensive.,-0.5,0.7
Very staff,0.2,0.3
really poorly organized,-0.4,0.6
Three people picking at the drive,0.0,0.0
we are five people in line,0.0,0.0
"After 20 minutes of ""We will help you soon"" we went .",0.0,0.0
"Good, fast and well-cooked!",0.475,0.6000000000000001
Short waiting time,0.0,0.3
"Very good, the interface with the customer in the screen is not optimal, after 3-4 visits it is",0.9099999999999999,0.7800000000000001
"semi-tricky to understand how the menu is structured, makes the menu more intuitive then it is 5 stars directly",0.3,0.45
"My son forgot about a buff 1 week ago and the staff promised to send it to us,",0.0,0.0
we haven't received it,0.0,0.0
We agreed that she would send the same night we were talking to and that she would notify me of what it would ‚Ä¶,0.0,0.125
Got more food before! Don't know m it's just me who likes it,0.625,0.5
"But a few years ago there were larger portions, on a large combo it is the same amount as a small one it feels like",-0.047142857142857146,0.31071428571428567
Maybe less if you take the takeaway! ‚Ä¶,-0.20833333333333331,0.06666666666666667
"A lot of food, often enough for two meals for someone who doesn't eat that much",0.1,0.35
"Got a little expensive for my wallet after a few price increases so it won't be my first choice if I want fast food, unfortunately .",-0.15625,0.5388888888888889
Very fresh and really good! Humane prices.,0.6325000000000001,0.625
"Have always thought that the food has been such,",0.0,0.5
"not so fond of meat.
But now they had new dishes, Sichuan no chicken was the go-to place",0.21818181818181817,0.7022727272727273
Have always,0.0,0.0
"t that the food has been such, but not so fond of meat.
But now they had new dishes, Sichuan no chicken was the go-to place",0.14545454545454545,0.6348484848484849
The world's best ChopChop!,1.0,0.3
Chop chop should be in town as well,0.0,0.0
otherwise the food is really good,0.7,0.6000000000000001
Chop chop should be in town as well but,0.0,0.0
the food is really good,0.7,0.6000000000000001
HIGHLY RECOMMEND ‚Ä¶,0.16,0.5399999999999999
It is a perfectly okay place and has a nice and knowledgeable staff,0.55,0.75
Their deep-fried snack box is miles better than Kentucky Fride chicken ..,-0.04999999999999999,0.725
Poor service and lots of flies around the food,-0.4,0.6
Waited for over 10 minutes to order,0.0,0.0
the girl behind the counter talked privately with another customer,-0.2,0.5375
Tired of closure and left,-0.2,0.35
A bit expensive for being fast food (105 SEK) and a little poorly cleaned (more dirty than clean tables),-0.08869047619047618,0.6285714285714287
really good food! We tested two of their 3 wall dishes,0.875,0.6000000000000001
"Love the chopchop, good food, fast service and friendly staff",0.44375,0.5750000000000001
"First ChopChop I've been to that serves on real plates, big plus.
Unfortunately a very tight and cramped room",0.054464285714285715,0.2761904761904762
Not the best and not the worst Asian food,0.0,0.43333333333333335
"However, I was disappointed that it is worse than my local Thai kiosk",-0.3833333333333333,0.45
But it gives an Asian option for fast food which is good according to me,0.3,0.4000000000000001
Good and friendly staff would really recommend this place,0.425,0.43333333333333335
The most important thing is the good food they make,0.5333333333333333,0.7000000000000001
The food is delicious!,1.0,1.0
Undoubtedly the best fast food restaurant,0.6,0.44999999999999996
"Instead of ordinary burgers or sausages with mash, Asian cuisine is served in fast food format",-0.016666666666666663,0.3666666666666667
"Highly recommended, especially for families with children",0.08,0.77
Two of the Tofu ‚Ä¶,0.0,0.0
"Good food,",0.7,0.6000000000000001
"when they are many customers, I experience it as if the system they use does not work optimally ..",0.5,0.5
Nice o happy staff,0.7,1.0
Good food,0.7,0.6000000000000001
unfortunately too many times where the tables are forgotten to be dried so they are sticky to the next guest,-0.05,0.525
"To be fast food, this was sickly good! Went quickly to get the food and it tasted okay! Choose this place over all the other fast food places! Very nice staff! ‚Ä¶",0.44761904761904764,0.5964285714285715
Oh oh oh very good,0.9099999999999999,0.7800000000000001
"All of these are identical and taste as expected
You already know beforehand how it should taste, which is good",0.3,0.5
Ordered take away two menus,0.0,0.0
only got cutlery for one so it became difficult to eat,-0.25,1.0
"extremely nice staff, the food is not good",0.125,0.8
it is not on chochop,0.0,0.0
"Lots of food, which was really good .",0.7,0.6000000000000001
Likes to turn in when the roads pass by .,0.0,0.0
Lots to choose from,0.0,0.0
Nice guy at checkout,0.6,1.0
Unfortunately badly cleaned in the premises and especially the toilet,-0.24444444444444438,0.5555555555555555
The food is good,0.7,0.6000000000000001
ordering and paying in the restaurant sucked,0.0,0.0
Will be drive thru next time ‚Ä¶,0.0,0.0
"Great food, friendly staff",0.5875,0.625
It's strange that it can take so long to serve fast-cooked foods,-0.05,0.275
But it was really good,0.7,0.6000000000000001
Always just as good,0.7,0.6000000000000001
"Nice indoors, a little less seating in these covid times",0.08194444444444444,0.5222222222222223
Lots of dishes and leftovers on the tables even,0.0,0.0
we were the only customers,0.0,1.0
Lots of dishes and leftovers on the tables,0.0,0.0
we were the only customers,0.0,1.0
"Ordered Cashew Chicken, Wondering where the nuts went",-0.6,0.95
"There were 2.5 nuts.
Gumman took Snacksbox Large",0.21428571428571427,0.42857142857142855
No place for me! Flies in food and hairs,0.0,0.0
Like going into a sauna to eat in there,0.0,0.0
Very expensive and poor service by the staff ‚Ä¶,-0.525,0.7549999999999999
"They taste good and go fast to get the food, E-tuna is better than theirs in S-nose",0.4666666666666666,0.5666666666666668
Very good! ‚Ä¶,1.0,0.7800000000000001
"Good options on the menus, good food and good service",0.6999999999999998,0.6000000000000001
"However, keep in mind that you get more food when you buy a small menu at take away than one in between, need not be bad;) ‚Ä¶",-0.04999999999999996,0.6416666666666666
Lots of people,0.0,0.0
with respect for distance,0.0,0.0
Good food fast ‚Ä¶,0.44999999999999996,0.6000000000000001
We tried springrools and a snack box for lunch very good and reasonably priced ‚Ä¶,0.5549999999999999,0.6900000000000001
"Top food that is flavor filling and warm, feels that the food is usually cold at fast food restaurants,",0.17500000000000004,0.675
at chop chop it is warm and tasty ‚ù§ ‚Ä¶,0.6,0.6
Have eaten there several times,0.0,0.0
this time the food was fried,0.0,0.0
It will probably be long before I eat there again,-0.05,0.4
"Good food, large portions, quick to get the food and nice staff! Significantly better than the hamburger chains opposite",0.4162698412698413,0.5047619047619047
Uncomfortable furniture is the only thing that pulls down the grade,-0.21851851851851853,0.762962962962963
Both as picked up or jaw on site,0.0,0.0
The top that take away,0.5,0.5
Also available drive through,0.4,0.4
"We usually share a combo with two accessories, more than enough for two adults! ‚Ä¶",0.08333333333333333,0.4166666666666667
Super friendly staff and wonderful food.,0.5694444444444444,0.7222222222222222
"Good fresh food, feels like they have snapped up!",0.5375,0.55
chop chop is very good! Super good food to be measured on and for me who are nut allergists they are very careful about how the food is handledüëçüèª ‚Ä¶,0.47583333333333333,0.7616666666666667
Okay food at good price,0.6,0.55
But there was no fast food so to speak when we were there,-0.1,0.6
"Ordered oumph, got meat",0.0,0.0
Unreliable when staff are not aware of the difference,-0.125,0.25
Good food super serviceüëçüèª,0.5166666666666666,0.6333333333333333
"They had a super good look at the vegan offerings and they were very nice!
They were good food too ‚Ä¶",0.6770833333333333,0.7166666666666667
Great food to be fast food,0.5,0.675
Easy to drive through,0.43333333333333335,0.8333333333333334
They could hold back on the sugar in the food,0.0,0.0
,0.0,0.0
It's very sweet,0.45499999999999996,0.8450000000000001
"Good, fast and cheap",0.4333333333333333,0.6333333333333334
But can you expect a parking space outside? So that at least you can stop with big cars,-0.09999999999999999,0.18333333333333335
"Good asian food, usually go pretty fast to get the food except friday & saturday night because then the whole Eskilstuna seems to be there and fetch food",0.26999999999999996,0.52
There is also a drive thru,0.0,0.0
"There are enough worries in the staff, so long it took to get the food in the drive in !!! I didn't have time for that! ‚Ä¶",-0.06103515625,0.45
Good food fast service,0.44999999999999996,0.6000000000000001
"Just check that it is the right food you get, it happens that it goes wrong 1 in 20 times ‚Ä¶",-0.10714285714285715,0.7178571428571429
Good! But took a very long time in drive thru ..,0.405,0.56
Though there were only 2 cars in front ‚Ä¶,0.0,1.0
"Awesome good food,",0.85,0.8
having to pay extra for sweet and sour sauce and soda is alarming for their development ...,0.024999999999999988,0.3625
Usually like,-0.25,0.25
this time very long wait.,-0.065,0.52
Favorite food,0.5,1.0
would have gotten a full pot if they had run out,0.35,0.55
Hard to get there without a driver's license ‚Ä¶,-0.2916666666666667,0.5416666666666666
You make very good food,0.9099999999999999,0.7800000000000001
Lovely staff and the vegan food is super good! Shanghai oumph really gets 10/10 by me! üòä ‚Ä¶,0.4895833333333333,0.5541666666666667
The food is tough and elastic,-0.3888888888888889,0.8333333333333334
They leave the food on heated plates until it rains and becomes inedible,0.0,0.0
And also expensive ‚Ä¶,-0.5,0.7
Can you get better food?,0.5,0.5
Good and affordable,0.7,0.6000000000000001
It was nice staff,0.6,1.0
Well maintained and nice in and outside the trip,0.3,0.525
The menus are easy to understand,0.43333333333333335,0.8333333333333334
"Great selection, great service",0.8,0.75
Have not been there.,0.0,0.0
"Very good foodü•∞
And very nice staff üòçüòç ‚Ä¶",0.845,0.8900000000000001
Thai fast food,0.2,0.6
Good options on the menus for both adults and children,0.7,0.6000000000000001
Has become a little too expensive compared to the other fast food options,-0.153125,0.54375
Easy drive thru and very good accessories (and food!),0.7166666666666667,0.8066666666666668
Crispy Shrimp is a great favorite <3 ‚Ä¶,0.7666666666666666,0.9166666666666666
"Forgot to write that it tasted very good, both for adults and children üëç ‚Ä¶",0.9099999999999999,0.7800000000000001
Fresh fast food service,0.25,0.55
Good varied Asian menu,0.35,0.30000000000000004
Large parking area,0.21428571428571427,0.42857142857142855
Nice efficient staff,0.6,1.0
GOOD FOOD IN LARGE PORTIONS,0.45714285714285713,0.5142857142857143
"Could be as good as any,",0.7,0.6000000000000001
the staff's uneven knowledge and service level pulls the grade down,-0.1777777777777778,0.24444444444444446
And high prices,0.16,0.5399999999999999
A place where you can eat fast Asian food,0.1,0.3
"Tasteless food, tired staff and expensive.
It was better before",-0.25,0.7
Al,0.0,0.0
"the food tastes very sweet, think about how much sugar is in each dish ?! ‚Ä¶",0.3525,0.5225000000000001
"Good to drive in when in a hurry, very good menu",0.8049999999999999,0.6900000000000002
Get the food fast,0.2,0.6
Clean and quiet,0.18333333333333335,0.5166666666666667
Good food,0.7,0.6000000000000001
quite small potion,-0.25,0.4
Good and good,0.7,0.6000000000000001
A little food so sometimes it may be worth taking a children's portion .,0.056249999999999994,0.3
"Ok,",0.5,0.5
not great food.,-0.4,0.75
"Better than donken,",0.5,0.5
", do not count on spicy Asian food, thought it was mostly very sweet ‚Ä¶",0.22749999999999998,0.42250000000000004
"Better than donken, however, do not count on spicy Asian food,",0.25,0.25
t it was mostly very sweet ‚Ä¶,0.45499999999999996,0.8450000000000001
Great food and fast service,0.5,0.675
Cozy after rebuilding with smaller booths to sit in,-0.09999999999999999,0.625
Good Asian food,0.35,0.30000000000000004
Orange chicken and salmon are real elevators,-0.19999999999999998,0.625
"However, the fried noodles are no longer the worst excitement",-1.0,1.0
Good food,0.7,0.6000000000000001
hard to get what you order is often wrong.,-0.39583333333333337,0.7208333333333333
The portions have shrunk and the place is quite sunkissed now,0.0,0.0
"As fast food, it is the best choice in my opinion",0.6,0.44999999999999996
Super good and cozyüòç,0.5166666666666666,0.6333333333333333
"Suitable and for children, children's menu for NOK 49, same dishes as adult dishes",0.21666666666666667,0.39166666666666666
Good size of positions,0.7,0.6000000000000001
Linn is the best,1.0,0.3
"Great food and best of all, always super friendly staff !!! ‚Ä¶",0.7164388020833333,0.5541666666666667
yes it went well o eat with it tastes a bit like it is up hot ‚Ä¶,0.25,0.8500000000000001
But Yakinikin has become,0.0,0.0
Not like when they opened,0.0,0.0
"Good, cheap and fast üòÅ",0.43333333333333335,0.6333333333333333
Great food and fresh restaurant,0.55,0.625
Stammi's place for me,0.0,0.0
"Good food, good and fast service and very nice staff.",0.595,0.7000000000000001
Good restaurant for those who do not want to eat at any hamburgers restaurant,0.7,0.6000000000000001
Super good! ‚Ä¶,0.6041666666666666,0.6333333333333333
"A little expensive,",-0.34375,0.6
on the other hand very much food,0.0675,0.3175
"A little expensive, but",-0.34375,0.6
very much food,0.26,0.26
I've been there and eaten before and then it was much better,0.5,0.5
bad bad ‚Ä¶,-0.6999999999999998,0.6666666666666666
"Very good food, a little poor place if you compare with ChopChop in V√§ster√•s",0.10749999999999997,0.6266666666666668
It wasn't unpleasant in your mouth ..,-0.6499999999999999,0.95
But it's been better ‚Ä¶,0.5,0.5
Very good,0.9099999999999999,0.7800000000000001
a little too expensive,-0.34375,0.6
"Incredibly good response from the staff, especially Milla Jehkonen! ‚Ä¶",0.35,0.8
"Best chop chops! Tried several, including in V√§ster√•s and in Str√§ngn√§s",0.5,0.15
Not at all the same quality of food on the others,0.0,0.125
"Nice staff, good food",0.6499999999999999,0.8
do not like the stressed serving model,0.0,0.0
Gives a stressed and sloppy impression,-0.4166666666666667,0.75
The best foodüòÆ‚Äçüí®,1.0,0.3
"Awesome place, with emphasis on G, big G, who may as well stand for Giant portion's;) ‚Ä¶",0.3125,0.775
"Very good food,",0.9099999999999999,0.7800000000000001
relatively high prices.,0.16,0.5399999999999999
"Good alternatives to the hamburger chains, offer lots of fresh dishes at great prices and fast it goes! ‚Ä¶",0.5125,0.6125
Quite tasteless at the last visit,-0.3,0.48333333333333334
Was measured,0.0,0.0
nothing more ‚Ä¶,0.5,0.5
Unattended staff and half-timbered service forgot both drinking and cake for the food,0.0,0.0
"Cold food and the noodles were rubbery, the rice hard ..",-0.4458333333333333,0.7708333333333333
Very bad food üò¢ ‚Ä¶,-0.9099999999999998,0.8666666666666667
ChopChop had great food at the beginning in Eskilstuna,0.8,0.75
now it's not the same quality at all,0.0,0.125
"Not too much food, good food, and good luck cake ‚Ä¶",0.5333333333333333,0.46666666666666673
Good food gets fast and filling,0.44999999999999996,0.6000000000000001
"However, no special heat in the food ‚Ä¶",-0.17857142857142858,0.5714285714285714
Nice food,0.6,1.0
a little long queue sometimes.,-0.11875,0.45
Good and good food to be a fast food restaurant,0.5333333333333333,0.6000000000000001
Great variety on the same food,0.4,0.4375
"Sometimes it is well cooked, and sometimes not",0.0,0.0
"Good food, sad that they have raised the price.",0.09999999999999998,0.8
Superb food and friendly staff.,0.6875,0.75
Better than burgers,0.5,0.5
could have been a little more sauce,0.15625,0.5
"Popular at lunch, so in winter time hard to fit inside",0.23611111111111108,0.6138888888888889
More space in the summer,0.5,0.5
"Rice and chicken, most boring I've eaten! No never again! ‚Ä¶",-0.3666666666666667,0.8166666666666668
Really good and fresh food! Could be slightly cheaper.,0.30277777777777776,0.4222222222222223
Delicious and fast food!,0.625,0.8
"Always good, fast and tasty",0.44999999999999996,0.6000000000000001
"Very good food, the rating is reduced due to expensive food",0.09499999999999997,0.6183333333333334
Think they are a little too expensive for what you get.,-0.34375,0.6
"Good good, oh the children they like m",0.7,0.6000000000000001
"Good cheap Asian fast food, a plus is that they have drive-thru",0.325,0.475
Very poor service compared to every other Chop chop I have been to,-0.3225,0.5775
Very nice to avoid paper plates and plastic cutlery!,0.9750000000000001,1.0
Great service and the world's best spicy lime <3,0.9333333333333332,0.6833333333333332
Not the best,1.0,0.3
better fast food than Donken or BK,0.35,0.55
Best place üëçüëå,1.0,0.3
Interesting and good food that is sold effectively.,0.6,0.6333333333333334
"Totally ok for being fast food, orange chicken was very good",0.25249999999999995,0.7075
Good environmental thinking,0.7,0.6000000000000001
Good and generous with food!,0.875,0.6000000000000001
"Cool place, tasty food, you get what you come for",0.35,0.65
Very good as always and nice staff,0.7549999999999999,0.8900000000000001
Totally okay jaw,0.5,0.5
"Good, good price and fast",0.5333333333333333,0.6000000000000001
You will not be disappointed,-0.75,0.75
it is not cool ..,-0.175,0.65
Very good service,0.9099999999999999,0.7800000000000001
The guy at the checkout was knowledgeable about the food and very nice,0.78,1.0
Nice accommodating large portions of newly decorated and quieter .,0.3168831168831169,0.6277056277056278
Well cooked food.,0.0,0.0
Good food,0.7,0.6000000000000001
a bit expensive for fast food,-0.15,0.6499999999999999
Get what you want quickly and easily,0.3833333333333333,0.6666666666666667
"Nice and helpful staff, good and large portions üëçüòÑ",0.5047619047619046,0.6761904761904761
Flavored a lot of fat do not recommend,0.0,0.0
Very friendly staff and good food.,0.59375,0.625
Good food quickly and professionally skilled chefs ‚ù§Ô∏è‚ù§Ô∏è‚ù§Ô∏è ‚Ä¶,0.5111111111111111,0.5333333333333333
"Very good, and fresh food and large portions",0.4747619047619047,0.5695238095238097
Very good food and nice service,0.7549999999999999,0.8900000000000001
Love their food ‚ù§‚úå,0.5,0.6
"Totally okay noodles, nothing to complain about.",0.5,0.5
Rebuilt and fresh,0.3,0.5
Good food and better opening hours,0.6,0.55
Plenty of portions,0.0,0.0
Best fast food restaurant available,0.5333333333333333,0.4333333333333333
All right fast food,0.24285714285714285,0.5678571428571428
Poor food o cooked rice etc.,-0.4,0.6
Very good food is recommended!,1.0,0.7800000000000001
Affordable and good,0.7,0.6000000000000001
Easy to bring home food.,0.43333333333333335,0.8333333333333334
Did not have to go hungry from there,0.0,0.0
"Good friendly staff too, be afraid of them",0.15833333333333333,0.6666666666666666
Really good food! Clean and tidy.,0.6138888888888889,0.7000000000000002
Very good filling!,1.0,0.7800000000000001
Very nice and positive staff,0.5036363636363637,0.7727272727272727
Good food and plenty to choose from,0.7,0.6000000000000001
Most of the food üòä And that you can choose the portion size,0.5,0.5
Very good üòä,0.9099999999999999,0.7800000000000001
"Cold food, chewy and hard noodles.",-0.4458333333333333,0.7708333333333333
Good food üòä good service and cleaned and milled,0.7,0.6000000000000001
"Bells service, good food and quiet atmosphere.",0.35,0.4666666666666667
Tested their orange chicken,-0.6,0.95
Nice staff üòÄ ‚Ä¶,0.6,1.0
"Great food, hard to park with a trailer",0.25416666666666665,0.6458333333333333
Great food and staff.,0.8,0.75
Absolutely affordable food.,0.2,0.9
food food food very tasty and tasty,0.2,0.3
Fast and good service in drive in!,0.5375,0.6000000000000001
I like their vegetarian oumph,0.0,0.0
Good service! Friendly staff and good food.,0.65,0.5666666666666668
"Drive in, smooth and good",0.55,0.55
Very good food!,1.0,0.7800000000000001
Good food and plenty on the plate ‚ò∫,0.7,0.6000000000000001
"Love it, tip- order orange chicken",-0.04999999999999999,0.7749999999999999
Good alternative to hamburger fast food places,0.44999999999999996,0.6000000000000001
Fast and good,0.44999999999999996,0.6000000000000001
Fast asian food without doodles.,0.1,0.3
Nyk√∂ping and Str√§ngn√§s have better,0.5,0.5
Very good girls who work there üòç,0.9099999999999999,0.7800000000000001
Very nice staff o go food,0.78,1.0
An exciting complement to all hamburger hooks,0.3,0.8
GOOD..HERE ONLY LAX ..,0.0,1.0
OTHER LIKES OTHER..TIME AND RARE,0.0875,0.6375
"It's really, really goood",0.2,0.2
Great food and friendly staff,0.5875,0.625
Pretty good jaw.,0.475,0.8
Nice staff and good jaw.,0.6499999999999999,0.8
Best Asian food ever !!!,0.5,0.15
Quickly good and good.,0.7,0.6000000000000001
Great food and friendly staff ‚ù§Ô∏è,0.5875,0.625
A lot of food,0.0,0.0
But something expensive.,-0.5,0.7
For salty foods,0.0,0.0
No further place.,0.0,0.5
Very good food especially dynamite chicken.,0.10333333333333332,0.9100000000000001
Good food at great price.,0.75,0.675
Good food! quick and easy,0.5472222222222222,0.6444444444444445
Good food,0.7,0.6000000000000001
too expensive,-0.5,0.7
Very tasty food,0.2,0.3
Good food served in large portions,0.45714285714285713,0.5142857142857143
"Very tasty, fast and served fresh",0.2333333333333333,0.4666666666666666
And nice service.,0.6,1.0
Great service and food.,0.8,0.75
"Spicy, cold food",-0.6,1.0
Fast service via drive-in,0.2,0.6
A lot of food.,0.0,0.0
Works like a pit stop!,0.0,0.0
"A little expensive, good food",0.004166666666666652,0.6
Nice restaurant,0.6,1.0
the food was was a two,0.0,0.0
The best food and the nicest staff‚ú®,1.0,0.3
Friendly and helpful staff,0.375,0.5
Good and good food at a reasonable price,0.5333333333333333,0.6000000000000001
Strange way to get the food,-0.05,0.15
Go and great food,0.8,0.75
Fast and good service,0.44999999999999996,0.6000000000000001
Super good food! Friendly staff! Good service!,0.6380208333333333,0.5916666666666667
Good and fast food,0.44999999999999996,0.6000000000000001
Good food and smooth with drive thru!,0.6,0.55
It was the tastiest dish.,0.0,0.0
Worse every time you are there,-0.4,0.6
Very good food,0.9099999999999999,0.7800000000000001
A good restaurant and good service,0.7,0.6000000000000001
The food can be warmer,0.0,0.0
tasty,0.0,0.0
Sad to eat on cardboard plate.,-0.5,1.0
Very good food!,1.0,0.7800000000000001
Fast food at its best,0.6,0.44999999999999996
Very good food.,0.9099999999999999,0.7800000000000001
Not much to cheer for,-0.1,0.2
Good simple fast food,0.3,0.5190476190476191
Good alternative to the hamburger hook,0.7,0.6000000000000001
Fast and good food,0.44999999999999996,0.6000000000000001
Not my kind of place.,0.6,0.9
"Great service, good food, friendly staff",0.625,0.6166666666666667
Just ok for a road restaurant.,0.5,0.5
"Good, fast, affordable, great food!",0.6333333333333333,0.65
Good food and fast service üëå,0.44999999999999996,0.6000000000000001
Charming,0.7,1.0
perfectly ok food,0.5,0.5
Fast service nice staff good food,0.5,0.7333333333333334
Nice and clean,0.48333333333333334,0.8500000000000001
Totally ok Asian food,0.25,0.25
"Good food, fast service and humane prices.",0.44999999999999996,0.6000000000000001
Always good food.,0.7,0.6000000000000001
"Good fast food, nice staff",0.5,0.7333333333333334
"Great food, good, and decent prices.",0.5555555555555556,0.6722222222222222
Good food as always,0.7,0.6000000000000001
Great food and nice staff,0.7,0.875
Incredibly good food.,0.7,0.6000000000000001
If you miss Korean food,0.0,0.0
"traveling, you can get some comfort",0.0,0.0
Tasted great ü§©,0.8,0.75
Asian fast food,0.1,0.3
"Fast food, totally ok!",0.4125,0.55
I like Chopchop,0.0,0.0
Orange chicken is 10/10,-0.6,0.95
"Good, plentiful and cheap.",0.55,0.65
"Really good ""Orange chicken""",0.04999999999999999,0.775
The best food!,1.0,0.3
"Nice staff, great food!",0.8,0.875
Very good and good food,0.8049999999999999,0.6900000000000002
Chop Chop - fast food that tastes better!,0.4125,0.55
Nothing for me,0.0,0.0
Really good jue: D,0.85,0.8
"Good Food, Nice staff",0.6499999999999999,0.8
really good food is recommended,0.7,0.6000000000000001
"Excellent, tasty, fast and fair prices",0.6333333333333333,0.8333333333333334
Was better before,0.5,0.5
Great food and great staff.,0.8,0.75
The nicest jaw in town,0.0,0.0
Cannon food and service,0.0,0.0
Good and fast serving,0.44999999999999996,0.6000000000000001
Great food recommends,0.8,0.75
Like their chicken,-0.6,0.95
Affordable good food,0.7,0.6000000000000001
Good food and good prices,0.7,0.6000000000000001
Always as good.,0.7,0.6000000000000001
Good food and fast delivery,0.44999999999999996,0.6000000000000001
Always as good,0.7,0.6000000000000001
Great food and service,0.8,0.75
Fast service and good food,0.44999999999999996,0.6000000000000001
Pretty tasteless food,-0.175,0.95
Tasty and plentiful portions,0.0,0.0
"Good food, large portions",0.45714285714285713,0.5142857142857143
Shanghai noodles ..,0.0,0.0
Today's day was perfect üòÉ,1.0,1.0
Pretty good pretty fast,0.35,0.8
Good cheap fast,0.43333333333333335,0.6333333333333333
Conceptual fast food chain.,0.2,0.6
Good and fast service,0.44999999999999996,0.6000000000000001
Good and fast service,0.44999999999999996,0.6000000000000001
Good & good food üòâ,0.7,0.6000000000000001
Quickly easy and good,0.5666666666666667,0.7166666666666668
Super soft veggie mat,0.21666666666666667,0.5083333333333333
Good with food üòâüòä,0.7,0.6000000000000001
Good fast food,0.44999999999999996,0.6000000000000001
Fast and good.,0.44999999999999996,0.6000000000000001
Simple and good,0.35,0.47857142857142865
Quick and good,0.5166666666666666,0.55
Good fast food,0.44999999999999996,0.6000000000000001
Good fast food.,0.44999999999999996,0.6000000000000001
Good fast food,0.44999999999999996,0.6000000000000001
Ok fast food,0.35,0.55
Good and good,0.7,0.6000000000000001
Fast and good,0.44999999999999996,0.6000000000000001
Good fast food,0.44999999999999996,0.6000000000000001
Good fast food,0.44999999999999996,0.6000000000000001
Good fast food,0.44999999999999996,0.6000000000000001
